<?xml version="1.0" encoding="UTF-8"?>
<channel><item><area><![CDATA[options]]></area><desc><![CDATA[slug]]></desc><label><![CDATA[Slug/URL]]></label><type><![CDATA[text]]></type></item><item><area><![CDATA[options]]></area><desc><![CDATA[tags]]></desc><label><![CDATA[Tags (separate tags with commas)]]></label><type><![CDATA[text]]></type></item><item><area><![CDATA[options]]></area><desc><![CDATA[date]]></desc><label><![CDATA[Publish date (mm/dd/yyyy) and time (hh:mm:ss pm)]]></label><type><![CDATA[text]]></type></item><item><area><![CDATA[options]]></area><desc><![CDATA[private]]></desc><label><![CDATA[Post is private]]></label><type><![CDATA[checkbox]]></type></item><item><area><![CDATA[options]]></area><desc><![CDATA[category]]></desc><label><![CDATA[Assign This Post To A Category]]></label><type><![CDATA[dropdown]]></type></item><item><area><![CDATA[main]]></area><desc><![CDATA[title]]></desc><label><![CDATA[]]></label><type><![CDATA[title]]></type></item><item><area><![CDATA[main]]></area><desc><![CDATA[content]]></desc><label><![CDATA[]]></label><type><![CDATA[textarea]]></type></item></channel>
